Country,Age group,Gender,Occupation / Role,AI usage frequency,Tasks to automate,Tasks needing human oversight,AI makes routine tasks easier (1‚Äì5),Comfort with AI low-risk decisions (1‚Äì5),Worry about AI making sensitive decisions (1‚Äì5),Human judgment essential for creative tasks (1‚Äì5),Trust AI to act responsibly (1‚Äì5),What makes a task suitable for automation?,What makes a task unsuitable for automation?,Ever felt uncomfortable with AI?,What increases trust?,Country: general feeling about AI,AI reduces job opportunities?,Balance of human vs AI,One rule for AI
United Kingdom,26‚Äì35,Prefer not to say,Freelancer,Daily,Data analysis,Safety-critical tasks,5,4,4,2,5,Analytical tasks,High-risk tasks,No,Ethical guidelines,Negative,Not sure,Human supervision always,Assist only when asked
India,18‚Äì25,Prefer not to say,Working Professional,Weekly,Research,Safety-critical tasks,2,3,1,3,2,Analytical tasks,Sensitive personal data,No,Ethical guidelines,Negative,Yes,AI handles small tasks only,Assist only when asked
India,18‚Äì25,Prefer not to say,Freelancer,Occasionally,Research,Medical decisions,4,1,2,2,5,Analytical tasks,Sensitive personal data,No,Transparency,Negative,Not sure,Human final approval required,Protect privacy
Australia,Under 18,Female,Student,Occasionally,Repetitive work,Legal decisions,5,1,2,2,5,Data-heavy tasks,Sensitive personal data,Yes,Human oversight,Negative,No,Human supervision always,Be transparent
United Kingdom,36‚Äì50,Prefer not to say,Student,Occasionally,Research,Medical decisions,2,2,1,5,2,Analytical tasks,Sensitive personal data,Yes,Transparency,Curious but worried,Not sure,Human supervision always,Assist only when asked
Russia,36‚Äì50,Female,Unemployed,Weekly,Routine tasks,Medical decisions,2,3,2,4,5,Data-heavy tasks,Requires empathy,Yes,Transparency,Positive,No,Shared control,Assist only when asked
Australia,26‚Äì35,Male,Working Professional,Daily,Writing tasks,Safety-critical tasks,3,1,3,2,5,Low-risk tasks,High-risk tasks,Yes,Accuracy,Negative,Not sure,Human supervision always,Be transparent
Bangladesh,36‚Äì50,Male,Student,Occasionally,Repetitive work,Safety-critical tasks,3,3,3,3,2,Data-heavy tasks,Sensitive personal data,No,Human oversight,Cautious,Not sure,Human supervision always,Protect privacy
Bangladesh,36‚Äì50,Male,Student,Daily,Study help,Legal decisions,1,1,3,2,5,Repetitive work,Creative judgment,No,Human oversight,Curious but worried,Not sure,Shared control,Be transparent
USA,26‚Äì35,Female,Working Professional,Daily,Repetitive work,Emotional tasks,2,4,5,1,5,Repetitive work,Requires empathy,Yes,Transparency,Cautious,Not sure,Human final approval required,Protect privacy
Australia,26‚Äì35,Male,Unemployed,Daily,Study help,Emotional tasks,2,4,5,1,3,Analytical tasks,Requires empathy,Yes,Ethical guidelines,Cautious,Yes,Human supervision always,Assist only when asked
Australia,Under 18,Female,Unemployed,Daily,Research,Emotional tasks,3,3,2,2,5,Data-heavy tasks,Sensitive personal data,Yes,Transparency,Curious but worried,Yes,Human supervision always,Assist only when asked
Russia,36‚Äì50,Male,Working Professional,Weekly,Repetitive work,Safety-critical tasks,4,1,1,3,1,Low-risk tasks,Creative judgment,No,Human oversight,Cautious,No,AI handles small tasks only,Be transparent
USA,26‚Äì35,Prefer not to say,Student,Daily,Routine tasks,Medical decisions,3,4,1,1,5,Low-risk tasks,High-risk tasks,Yes,Training,Mixed,No,Shared control,Do not decide personal matters
USA,Under 18,Prefer not to say,Unemployed,Occasionally,Data analysis,Legal decisions,3,4,1,2,5,Low-risk tasks,Creative judgment,Yes,Training,Curious but worried,No,Shared control,Assist only when asked
United Kingdom,18‚Äì25,Female,Student,Weekly,Research,Legal decisions,1,2,3,5,5,Analytical tasks,Requires empathy,Yes,Training,Negative,Yes,Human supervision always,Be transparent
USA,18‚Äì25,Prefer not to say,Student,Daily,Repetitive work,Creative judgment,2,4,4,3,3,Repetitive work,Requires empathy,Yes,Training,Positive,No,AI handles small tasks only,Do not decide personal matters
Bangladesh,18‚Äì25,Male,Working Professional,Daily,Routine tasks,Emotional tasks,3,3,3,2,4,Data-heavy tasks,Creative judgment,Yes,Human oversight,Negative,Yes,Shared control,Protect privacy
Bangladesh,Under 18,Male,Freelancer,Daily,Data analysis,Emotional tasks,1,3,1,2,2,Repetitive work,Sensitive personal data,No,Training,Cautious,Yes,AI handles small tasks only,Be transparent
Australia,36‚Äì50,Prefer not to say,Unemployed,Daily,Research,Emotional tasks,1,1,4,3,4,Repetitive work,Requires empathy,No,Human oversight,Curious but worried,Not sure,Human supervision always,Be transparent
Australia,Under 18,Male,Student,Occasionally,Data analysis,Emotional tasks,3,2,1,3,4,Repetitive work,Requires empathy,No,Human oversight,Cautious,Yes,Shared control,Do not decide personal matters
Australia,18‚Äì25,Female,Freelancer,Weekly,Repetitive work,Medical decisions,4,2,1,1,2,Analytical tasks,Requires empathy,Yes,Transparency,Curious but worried,Not sure,AI handles small tasks only,Be transparent
USA,26‚Äì35,Prefer not to say,Student,Daily,Repetitive work,Creative judgment,4,2,1,1,3,Repetitive work,Sensitive personal data,Yes,Transparency,Negative,Yes,AI handles small tasks only,Protect privacy
India,26‚Äì35,Female,Student,Daily,Routine tasks,Emotional tasks,4,5,4,2,3,Low-risk tasks,Requires empathy,No,Ethical guidelines,Positive,Not sure,Shared control,Do not decide personal matters
Bangladesh,26‚Äì35,Prefer not to say,Freelancer,Occasionally,Repetitive work,Safety-critical tasks,5,2,4,2,3,Low-risk tasks,High-risk tasks,Yes,Transparency,Cautious,Yes,AI handles small tasks only,Protect privacy
Bangladesh,Under 18,Male,Unemployed,Occasionally,Research,Legal decisions,1,3,2,5,1,Repetitive work,High-risk tasks,Yes,Training,Negative,Yes,AI handles small tasks only,Be transparent
Russia,26‚Äì35,Prefer not to say,Unemployed,Daily,Writing tasks,Medical decisions,1,1,1,5,1,Analytical tasks,Sensitive personal data,Yes,Transparency,Curious but worried,Yes,Shared control,Do not decide personal matters
Australia,26‚Äì35,Male,Unemployed,Daily,Repetitive work,Legal decisions,5,2,2,3,1,Repetitive work,High-risk tasks,No,Human oversight,Curious but worried,Yes,Human final approval required,Protect privacy
Australia,Under 18,Male,Student,Weekly,Study help,Creative judgment,2,4,2,1,2,Repetitive work,Creative judgment,Yes,Accuracy,Curious but worried,No,Shared control,Do not decide personal matters
Russia,18‚Äì25,Prefer not to say,Student,Occasionally,Routine tasks,Legal decisions,2,5,5,4,4,Analytical tasks,Requires empathy,No,Accuracy,Negative,Not sure,AI handles small tasks only,Assist only when asked
Russia,36‚Äì50,Female,Unemployed,Daily,Repetitive work,Emotional tasks,5,5,2,4,5,Analytical tasks,Sensitive personal data,Yes,Ethical guidelines,Mixed,Yes,AI handles small tasks only,Be transparent
United Kingdom,36‚Äì50,Female,Freelancer,Occasionally,Research,Emotional tasks,5,3,2,3,2,Data-heavy tasks,Creative judgment,Yes,Training,Curious but worried,Not sure,AI handles small tasks only,Protect privacy
Australia,26‚Äì35,Male,Student,Daily,Repetitive work,Creative judgment,3,4,4,5,4,Repetitive work,Creative judgment,Yes,Transparency,Positive,Yes,Human supervision always,Assist only when asked
India,26‚Äì35,Prefer not to say,Student,Occasionally,Routine tasks,Creative judgment,2,3,1,2,3,Analytical tasks,High-risk tasks,No,Accuracy,Mixed,No,Human supervision always,Assist only when asked
Australia,Under 18,Female,Working Professional,Daily,Writing tasks,Emotional tasks,2,3,5,2,4,Low-risk tasks,Sensitive personal data,No,Accuracy,Mixed,Yes,AI handles small tasks only,Be transparent
Australia,Under 18,Male,Freelancer,Weekly,Repetitive work,Medical decisions,1,3,1,5,2,Repetitive work,Requires empathy,Yes,Human oversight,Mixed,Not sure,Shared control,Do not decide personal matters
Australia,36‚Äì50,Female,Working Professional,Weekly,Routine tasks,Safety-critical tasks,3,2,4,3,1,Analytical tasks,Creative judgment,Yes,Training,Mixed,No,Human supervision always,Be transparent
Bangladesh,18‚Äì25,Male,Working Professional,Weekly,Writing tasks,Safety-critical tasks,5,3,2,5,4,Repetitive work,Sensitive personal data,No,Ethical guidelines,Mixed,No,Human supervision always,Do not decide personal matters
Russia,36‚Äì50,Male,Freelancer,Occasionally,Study help,Medical decisions,1,1,1,4,1,Low-risk tasks,Sensitive personal data,Yes,Ethical guidelines,Mixed,Not sure,Shared control,Be transparent
Bangladesh,26‚Äì35,Male,Working Professional,Daily,Routine tasks,Creative judgment,1,1,3,5,3,Data-heavy tasks,High-risk tasks,Yes,Human oversight,Negative,No,Human supervision always,Protect privacy
USA,36‚Äì50,Prefer not to say,Freelancer,Occasionally,Writing tasks,Medical decisions,1,5,5,5,2,Data-heavy tasks,High-risk tasks,Yes,Transparency,Positive,No,Shared control,Assist only when asked
Russia,18‚Äì25,Prefer not to say,Freelancer,Occasionally,Data analysis,Legal decisions,5,2,3,3,4,Analytical tasks,Creative judgment,No,Ethical guidelines,Negative,No,Human final approval required,Protect privacy
Bangladesh,26‚Äì35,Male,Working Professional,Occasionally,Data analysis,Emotional tasks,2,5,5,4,4,Low-risk tasks,Requires empathy,Yes,Human oversight,Cautious,Not sure,AI handles small tasks only,Protect privacy
India,Under 18,Female,Working Professional,Daily,Data analysis,Emotional tasks,3,2,2,3,4,Repetitive work,Creative judgment,Yes,Ethical guidelines,Mixed,No,Human final approval required,Do not decide personal matters
United Kingdom,Under 18,Female,Student,Daily,Routine tasks,Emotional tasks,2,2,3,1,4,Analytical tasks,High-risk tasks,No,Human oversight,Curious but worried,Not sure,AI handles small tasks only,Do not decide personal matters
United Kingdom,18‚Äì25,Female,Unemployed,Weekly,Routine tasks,Safety-critical tasks,4,4,1,2,4,Analytical tasks,Creative judgment,Yes,Training,Cautious,Yes,Shared control,Assist only when asked
Bangladesh,36‚Äì50,Female,Student,Weekly,Research,Safety-critical tasks,3,1,1,5,2,Data-heavy tasks,Sensitive personal data,Yes,Human oversight,Positive,Not sure,Human final approval required,Do not decide personal matters
Russia,26‚Äì35,Female,Student,Occasionally,Research,Legal decisions,1,3,5,1,5,Repetitive work,High-risk tasks,No,Human oversight,Cautious,Not sure,Shared control,Protect privacy
Bangladesh,36‚Äì50,Prefer not to say,Student,Daily,Data analysis,Creative judgment,2,1,4,4,4,Low-risk tasks,Requires empathy,Yes,Training,Cautious,Not sure,Shared control,Assist only when asked
India,26‚Äì35,Prefer not to say,Student,Occasionally,Writing tasks,Creative judgment,1,5,4,5,2,Repetitive work,Requires empathy,Yes,Training,Positive,Yes,Shared control,Be transparent
Bangladesh ,18‚Äì25,Male,Student,Daily,"Things that are time consuming, finding stuff, learning new things.","Medical help , real life personal decisions.",4,4,5,5,3,"Data-driven or analytical tasks, Time-consuming administrative work",Has high risk or safety consequences,"An AI dependants on data it finds on the internet and not all of that information is accurate.It also doesn't know about your capabilities, you limit, or your personal self, so AI making decision on your behalf is likely to fail.","Transparency (AI explains how it works), Human oversight or approval options, Accuracy and reliability of results","People are obsessed with it.
It has both good and bad effects.",Yes,AI should be a tool to push you skills to it's maximum limit. It should be like a helping hand in you work not something that destroys your skill and take over it.,It should not access my personal Data. 
Bangladesh,18‚Äì25,Male,Student,Weekly,Simple question and straight forward answers that google don't give ne,Anything that's need creative idea,3,4,5,5,4,Time-consuming administrative work,Has high risk or safety consequences,Trust issues obviously because it is just giving me the results without any authenticity ,Transparency (AI explains how it works),It's a blessing as long as you are aware of it ,No,"I don't know that's not my concern 
But I think a separate course on AI about Ai or a inside idea on AI might solve this",Set a limit I guess 
Bangladesh,18‚Äì25,Male,Student,Daily,Everything ,Critical decision making,5,4,5,5,3,"Routine or repetitive work, Data-driven or analytical tasks, Time-consuming administrative work, Tasks requiring no emotion or creativity","Requires empathy or emotional understanding, Involves sensitive/personal information, Has high risk or safety consequences, Needs creativity or intuition",No,"Transparency (AI explains how it works), Human oversight or approval options, Accuracy and reliability of results, Legal or ethical guidelines",People feel that ai would take their job but in our country as progress is very slow I believe it would take very time to do so,Not sure,By using ai to do tasks that result if mistaken won't do much of a difference. and if ai to do big task then required observation,Create a schedule and remind me what task i have left 
United Kingdom ,18‚Äì25,Male,Student,Occasionally,Research ,Creativity,3,4,5,5,1,"Data-driven or analytical tasks, Time-consuming administrative work",Involves sensitive/personal information,No,Accuracy and reliability of results,Confident,Yes,Giving both of them same priority,Supportive 
Student ,18‚Äì25,Female,Student,Daily, economics & sometimes statistics ,No answer ,3,4,3,4,5,Data-driven or analytical tasks,Has high risk or safety consequences,Yes (please describe briefly in Others),"Transparency (AI explains how it works), Human oversight or approval options, Accuracy and reliability of results, Legal or ethical guidelines, Familiarity and training",No answer,Not sure,No answer ,It should be free for all student 
Bangladesh,18‚Äì25,Male,Student,Daily,Graphic design,Life related,4,4,2,3,4,Data-driven or analytical tasks,"Requires empathy or emotional understanding, Involves sensitive/personal information, Has high risk or safety consequences, Needs creativity or intuition",No,"Accuracy and reliability of results, Legal or ethical guidelines",It's helpful,Yes,AI should just be a helping tool nothing more,Information
Russia,18‚Äì25,Male,Working Professional,Daily,Everything. Let the shit cook for me,"In the future, nothing. Currently, everything.",4,4,3,3,2,"Routine or repetitive work, Data-driven or analytical tasks, Time-consuming administrative work, Tasks requiring no emotion or creativity","Requires empathy or emotional understanding, Involves sensitive/personal information, Has high risk or safety consequences",Yes (please describe briefly in Others),"Transparency (AI explains how it works), Human oversight or approval options, Accuracy and reliability of results, Legal or ethical guidelines",Mostly Positive.,Yes,AI should not have an autonomy but ASI cannot be controlled by humans.,"whatever rule i need in the situation i am in. If it's LLM then i can just ask the buddy to follow the rule. The only exception is, probably, not to deceive but it is not possible for LLM to follow."
United Kingdom ,18‚Äì25,Female,Working Professional,Daily,Calvulation and Error cecking,Emotional and creative,4,3,4,4,4,"Routine or repetitive work, Data-driven or analytical tasks, Time-consuming administrative work","Has high risk or safety consequences, Needs creativity or intuition",No,"Transparency (AI explains how it works), Accuracy and reliability of results","They think ai replacing people,which is a great concern.",Yes,both integration ,remind my work
Bangladesh ,18‚Äì25,Male,Student,Daily,Study ,AI,5,5,5,5,5,Tasks requiring no emotion or creativity,Has high risk or safety consequences,Yes (please describe briefly in Others),Transparency (AI explains how it works),Good,Yes,Like water,To be good
Bangladesh ,18‚Äì25,Male,Student,Daily,Tutoring and study,Personal decisions ,3,4,5,5,1,"Routine or repetitive work, Data-driven or analytical tasks, Time-consuming administrative work",Requires empathy or emotional understanding,Yes (please describe briefly in Others),"Transparency (AI explains how it works), Human oversight or approval options, Accuracy and reliability of results, Legal or ethical guidelines, Familiarity and training","Some thinks of it as useless, some are scared and some is obsessed with it.",No,"Instead of firing Employees , employees should learn the use of ai, with the combination of both human and ai, the work will be efficient and fast like hell.","Do whatever you want , just stop collecting my data."
India ,26‚Äì35,Prefer not to say,Student,Weekly,Writing essays ,Medical practice ,3,3,5,5,1,"Routine or repetitive work, Data-driven or analytical tasks, Time-consuming administrative work","Involves sensitive/personal information, Has high risk or safety consequences, Needs creativity or intuition",No,"Transparency (AI explains how it works), Human oversight or approval options, Accuracy and reliability of results, Legal or ethical guidelines, Familiarity and training",They treat it like their ex gf,Yes,By learning ai,It should give me the answer to my question straight and stol feeding me garbage.
Bangladesh,18‚Äì25,Male,Student,Occasionally,Writing practical notebooks,Data observation,4,3,5,5,5,"Time-consuming administrative work, Practical notebook writing(as a bauian agri-64 I need that)","Requires empathy or emotional understanding, Involves sensitive/personal information, Has high risk or safety consequences, Needs creativity or intuition",Yes (please describe briefly in Others),"Accuracy and reliability of results, Legal or ethical guidelines",No idea,Not sure,More knowledge on how the ai algorithm works. ,Do whatever I tell it to do as an obedient servent
üôÇüòÄ nothing ,Under 18,Female,Student,Daily,Yes,Nothing ,3,3,3,3,3,Time-consuming administrative work,"Requires empathy or emotional understanding, Involves sensitive/personal information, Has high risk or safety consequences",Yes (please describe briefly in Others),Human oversight or approval options,Because ai onek vloüòÄ,Yes,üòêjaninnaaaa,üôÇ
Bangladesh ,18‚Äì25,Male,Student,Daily,Yes,AI and Automation supervision ,5,5,5,5,5,Data-driven or analytical tasks,Requires empathy or emotional understanding,Something the output of AI feel uncomfortable ,Accuracy and reliability of results,"Ambivalent 

It means having both positive and negative feelings at the same time.",Not sure,"AI should handle simple tasks, but humans must stay in control of important decisions to keep things safe and fair.",It should be controlled by human
Fahim,18‚Äì25,Male,Student,Daily,"The things that i feel important 
",I don't know ,4,3,3,3,3,Time-consuming administrative work,Needs creativity or intuition,No,Human oversight or approval options,I don't know ,Not sure,I don't know ,I don't know 
Bangladesh ,18‚Äì25,Male,Student,Occasionally,None,Answering human base ,1,3,3,2,1,"Data-driven or analytical tasks, Time-consuming administrative work","Requires empathy or emotional understanding, Needs creativity or intuition",No,"Transparency (AI explains how it works), Human oversight or approval options, Accuracy and reliability of results",I don't know ,Not sure,We should no be depend on ai,Manage my schedule
"Australia,  USA",18‚Äì25,Female,Student,Daily,Study Overview ,"Tasks involving ethical judgments, emotional understanding, and complex social decisions should always involve human oversight.
Also, critical responsibilities like healthcare, legal decisions, and safety-sensitive operations must remain under human control.
",4,3,4,5,3,Routine or repetitive work,Has high risk or safety consequences,Yes (please describe briefly in Others),Accuracy and reliability of results,"In my context, people generally feel curious but cautious,  welcoming AI‚Äôs benefits while worrying about job security and ethical risks.
",Yes,"Human control should guide all high-risk or value-based decisions, while AI handles routine, data-heavy tasks.
A clear system of human oversight, transparency, and final approval keeps the balance safe and effective.
","I‚Äôd set a rule that AI must always be transparent about how it makes decisions.
And it should assist, not replace, human judgment in any important part of daily life.
"
zugak(Kepler22b),Above 60,Male,Working Professional,Daily,Zap zap zap zapüëΩ,Bluh bluh bluh üëΩ,5,4,5,5,5,"Routine or repetitive work, Time-consuming administrative work, XapbluphüëΩ","Involves sensitive/personal information, ",Yes (please describe briefly in Others),"Transparency (AI explains how it works), Accuracy and reliability of results, Legal or ethical guidelines",ü§ñüëΩ,Yes,üí£ü§ñüí•=üòéüëΩ,...
Bangladesh ,18‚Äì25,Male,Student,Weekly,Repetitive labour heavy  task,Task affecting human safety directly ,4,4,4,4,1,Routine or repetitive work,Requires empathy or emotional understanding,No,Legal or ethical guidelines,Negatively,Yes,"Human oversight over AI is always better, strong legal & ethical guideline for AI companies.",Not to take any new decision 
Bangladesh ,18‚Äì25,Male,Student,Occasionally,Exam preparation ,Morality ,5,4,5,5,4,Routine or repetitive work,Has high risk or safety consequences,Data unsafety,Accuracy and reliability of results,Not more conscious ,Yes,Human involvement in the 4IR,Very helpful 
Bangladesh ,18‚Äì25,Male,Student,Daily,May be all,To make decision about my self,4,3,4,5,4,"Routine or repetitive work, Time-consuming administrative work",Needs creativity or intuition,No,"Transparency (AI explains how it works), Familiarity and training",Normal also fear,Yes,Nije nijeo dicision make kora,Amar kach theke task clear kore nibe
Bangladesh ,18‚Äì25,Male,Student,Daily,Taking exam preparation and those where solution are quickly need .,"In Those work where emotion , love , creativity , team work , sensitive situation and subject....... etc. are need .. ",5,4,3,5,5,"Routine or repetitive work, Data-driven or analytical tasks, Making any tech application or project easily . ","Requires empathy or emotional understanding, Involves sensitive/personal information, Needs creativity or intuition",Slightly feel uncomfortable as sometime they give and make wrong application and solution specially during picture analysis and find out necessary information and output from it . Besides AI is not much suitable for other language ( Example - Bangla ) without English . When anyone use it for much time then they become shut down and not responsing . Sometime they become pause automatically during giving solution . Some people use it for generating fake video and picture . Some people specially some teacher and student use it for copying or plagiarism instead of using own creativity .,"Transparency (AI explains how it works), Accuracy and reliability of results, Familiarity and training, Give proper solution after giving proper prompt and clear picture and video . ","According to their opinion , they feel good and get better performance than other platform .",Not sure,"Human should use AI for necessary work , not everywhere specially for those work where emotion , creativity , love , sensitive situation .... etc. Besides , AI should be re-build in such a way that it never be harmful for human brain and mind . Besides plagiarism system and making fake video-picture system from AI and massive use of AI without necessary should be remove by it's builder and operator . ","Add a system in AI where human cannot use it for plagiarism and un-necessary use which destroy human brain and harmful for human mind specially for love , emotion , sensitive decision ......... etc. . "
Bangladesh,18‚Äì25,Male,Student,Daily,"Repeated manual tasks, code generation, some parts of assignments and reports like introduction and conclusion, etc.","Coding, intermediate or advanced computer science stuffs, Arduino and EEE related stuffs etc.",5,3,4,5,3,"Routine or repetitive work, Tasks requiring no emotion or creativity, Writing. Idea generation. Information and resources gathering. Recommendations","Has high risk or safety consequences, Needs creativity or intuition, Religion. Critical thinking. Cyber Security",Deciding how to setup an Arduino and esp32 project. Cyber Security related work.,"Human oversight or approval options, Accuracy and reliability of results, Familiarity and training","Students: started depending on AI
Others: Not sure",No,"Use AI as tool. Whoever is in charge of a task should be free to use AI so that he can complete it faster and with ease. This can boost productivity. However, if the task is not done as expected or contains errors, the person will be held responsible. When using AI, employees should keep in mind that he is using it as a tool and not relying completely on it. He should be aware that the task might need modification later on, which will be impossible if done solely with AI.",Do not hallucinate or make up facts and ask for clarity if needed.
Bangladesh ,18‚Äì25,Male,Student,Daily,For now there is nothing that I can think of which i want to automate as I am still a student.,"Anything than concerns human life must involve human decision making. Ex: doctor, architect,civil engineer, psychologist etc.",3,2,2,4,1,Routine or repetitive work,"Requires empathy or emotional understanding, Involves sensitive/personal information, Has high risk or safety consequences, Needs creativity or intuition",No,"Transparency (AI explains how it works), Human oversight or approval options, Accuracy and reliability of results, Legal or ethical guidelines, Familiarity and training","Well there are a few things to consider 
Since I live in a developing country the majority of the people who uses ai are the younger generations like students  and young entrepreneurs , I don't think major corporationa in my countries are using ai or have any particular thoughts on it. But as fir the majority percentage of the youner generation who do use it are vary hopeful about ai as it has so much potential.",No,I haven't thought much on this topic,As i use ai only for my studies my one rule for now would be to use the materials provided by it as only a reference 
Bangladesh ,18‚Äì25,Male,Student,Daily,Problem solving ,"Human Rights, Liberty, and Legal Authority",5,3,4,5,4,"Routine or repetitive work, Data-driven or analytical tasks, Time-consuming administrative work, Tasks requiring no emotion or creativity","Requires empathy or emotional understanding, Involves sensitive/personal information, Has high risk or safety consequences",No,"Accuracy and reliability of results, Familiarity and training",Quite helpful ,Not sure,Oversight,"Always operate in a way that your reasoning, limitations, and influences can be understood by the person relying on you."
Bangladesh ,18‚Äì25,Male,Working Professional,Daily,Copy the repetitive work,Decision making ,4,4,4,5,3,Routine or repetitive work,"Requires empathy or emotional understanding, Involves sensitive/personal information, Has high risk or safety consequences",Yes (please describe briefly in Others),Transparency (AI explains how it works),Feel comfortable when it did repetitive work,Yes,Human should take decision with the help of AI but not give judgement right to the AI,.
Nabil khan,18‚Äì25,Male,Student,Daily,Almost every educational task.,Maths,3,3,3,3,3,Time-consuming administrative work,Has high risk or safety consequences,Yes (please describe briefly in Others),Transparency (AI explains how it works),Good,Yes,AI can help human but cannot replace human,Teaching English like native.
Middle Eastern  ,Under 18,Prefer not to say,Student,Occasionally,"Math related stuff, mostly physics. ","Medical procedures, when making an essay or article about personal opinions, and situations involved with emotional risks or decision.",3,1,1,3,2,"Data-driven or analytical tasks, Tasks requiring no emotion or creativity","Requires empathy or emotional understanding, Involves sensitive/personal information, Has high risk or safety consequences, Needs creativity or intuition","Yes, our brain functions for a purpose and not serving the purpose by relying AI sounds odd.","Transparency (AI explains how it works), Accuracy and reliability of results","Neutral, as majority of people tend to rely on AI in my environment‚Äî being super revealing about the use of chatgpt and AI overview.",Yes,"Shouldnt be relied as an all time source especially when it‚Äôs simple knowledge. Though I believe there is many ways to learn without the use of AI, it‚Äôs normalized leading to constantly using it making you lack of common knowledge.","Use of AI should be used when it comes to wanting to learn about a certain topic, not something you completely rely on."
Bangladesh ,26‚Äì35,Female,Student,Daily,Research and study,Every task. as AI is not reliable.,4,3,5,5,1,"Routine or repetitive work, Data-driven or analytical tasks, Time-consuming administrative work","Requires empathy or emotional understanding, Involves sensitive/personal information, Has high risk or safety consequences, Needs creativity or intuition",While searching for medical needs.,"Transparency (AI explains how it works), Human oversight or approval options, Legal or ethical guidelines",Young generation are accepting it. Old people are avoiding it.,Yes,By imposing some limits.,Delete all the history everyday
Bangladesh ,18‚Äì25,Male,Student,Daily,"Personal questions, education ",Situation ,5,3,1,5,4,Time-consuming administrative work,Involves sensitive/personal information,About religious decisions ,Transparency (AI explains how it works),Good ,No,By understanding how the ai working ,Routine 
India,18‚Äì25,Prefer not to say,Freelancer,Daily,Drafting emails or reports,Creative judgment; Human rights,4,3,5,4,3,Data-heavy tasks,Involves sensitive/personal information,Yes,Human oversight,Mixed,No,AI handles small tasks only,Human supervision always
Middle Eastern,18‚Äì25,Male,Student,Daily,Calculation and error checking,Medical decisions; Emotional tasks,4,3,2,4,2,Data-driven or analytical tasks,Creative judgment,No,Training,Negative,Yes,Human supervision always,Human supervision always
Bangladesh,26‚Äì35,Male,Working Professional,Daily,Problem solving; Data analysis,Legal decisions; Medical help,3,3,2,5,2,Low-risk tasks,Involves sensitive/personal information,No,Accuracy and reliability of results,Ambivalent,Yes,Shared control,Human final approval required
Other,18‚Äì25,Male,Working Professional,Daily,Study help; Routine tasks,Creative judgment; Hiring decisions,3,3,3,4,5,Data-driven or analytical tasks,Involves sensitive/personal information,Yes,Ethical guidelines,Mixed,No,Shared control,Always explain decisions
Bangladesh,18‚Äì25,Male,Student,Weekly,Data entry,Safety-critical tasks,4,4,4,4,5,Repetitive work,High-risk tasks,Yes,Accuracy and reliability of results,Mixed,Not sure,Human supervision always,Assist only when asked
United Kingdom,18‚Äì25,Male,Student,Daily,Drafting emails or reports,Human rights; Personal decisions,3,4,3,4,5,Time-consuming administrative work,Creative judgment,No,Accuracy and reliability of results,Negative,No,AI handles small tasks only,Be transparent
Middle Eastern,26‚Äì35,Male,Working Professional,Daily,Graphic design,Human rights; Ethical judgments,4,3,3,5,3,Time-consuming administrative work,High-risk tasks,Yes,Human oversight,Ambivalent,Not sure,Human supervision always,Protect privacy
Australia,18‚Äì25,Male,Student,Daily,Problem solving,Hiring decisions,5,3,2,3,3,Data-driven or analytical tasks,Needs creativity or intuition,Yes,Ethical guidelines,Cautious,No,Both integration,Be transparent
Australia,18‚Äì25,Male,Freelancer,Occasionally,Repetitive work,Human rights,3,3,1,4,4,Analytical tasks,Sensitive personal data,No,Human oversight,Mixed,No,Shared control,Always explain decisions
USA,18‚Äì25,Female,Student,Occasionally,Graphic design; Tutoring and study,Ethical judgments; Medical help,4,3,3,4,2,Repetitive work,Sensitive personal data,Yes,Accuracy and reliability of results,Positive,Yes,Both integration,Assist only when asked
Bangladesh,Above 60,Male,Working Professional,Weekly,Data analysis; Problem solving,Hiring decisions,5,2,5,3,3,Data-driven or analytical tasks,Creative judgment,Yes,Ethical guidelines,Ambivalent,Not sure,Both integration,Always explain decisions
India,Under 18,Female,Working Professional,Daily,Routine tasks; Graphic design,Ethical judgments; Medical decisions,5,3,2,3,3,Data-driven or analytical tasks,Involves sensitive/personal information,Yes,Transparency,Curious but worried,No,AI handles small tasks only,Assist only when asked
Other,36‚Äì50,Female,Student,Weekly,Data entry,Ethical judgments,5,4,1,3,2,Time-consuming administrative work,Sensitive personal data,Yes,Transparency,Positive,Not sure,Shared control,Do not decide personal matters
United Kingdom,26‚Äì35,Female,Office Staff,Weekly,Repetitive work; Graphic design,Ethical judgments; Hiring decisions,4,3,3,3,4,Repetitive work,Involves sensitive/personal information,No,Ethical guidelines,Negative,Yes,AI handles small tasks only,Be transparent
United Kingdom,26‚Äì35,Male,Student,Weekly,Problem solving,Emotional tasks,3,3,4,3,3,Analytical tasks,Needs creativity or intuition,Yes,Accuracy and reliability of results,Curious but worried,Yes,Both integration,Assist only when asked
Russia,Above 60,Male,Office Staff,Weekly,Research; Tutoring and study,Creative judgment; Hiring decisions,3,5,3,3,4,Repetitive work,Requires empathy,No,Familiarity and training,Cautious,Not sure,AI handles small tasks only,Be transparent
United Kingdom,36‚Äì50,Prefer not to say,Office Staff,Daily,Code generation; Data analysis,Safety-critical tasks,5,3,2,4,2,Low-risk tasks,Requires empathy,No,Training,Mixed,Not sure,Both integration,Be transparent
Australia,36‚Äì50,Female,Working Professional,Daily,Code generation,Medical help,5,2,3,3,2,Data-heavy tasks,High-risk tasks,No,Accuracy and reliability of results,Ambivalent,Yes,Human supervision always,Always explain decisions
Bangladesh,26‚Äì35,Female,Unemployed,Occasionally,Routine tasks,Hiring decisions,5,5,4,4,4,Data-heavy tasks,Involves sensitive/personal information,No,Human oversight or approval options,Mixed,Yes,AI handles small tasks only,Do not decide personal matters
Bangladesh,18‚Äì25,Male,Working Professional,Daily,Routine tasks; Organizing notes,Safety-critical tasks,5,1,4,4,2,Data-heavy tasks,Involves sensitive/personal information,Yes,Human oversight,Cautious,No,Human final approval required,Do not decide personal matters
United Kingdom,26‚Äì35,Male,Working Professional,Daily,Repetitive work; Study help,Personal decisions; Creative judgment,4,2,5,3,4,Low-risk tasks,Requires empathy,Yes,Human oversight or approval options,Positive,Not sure,Shared control,Assist only when asked
USA,18‚Äì25,Male,Student,Occasionally,Repetitive work,Personal decisions,3,4,2,5,4,Low-risk tasks,High-risk tasks,Yes,Training,Cautious,No,Human final approval required,Protect privacy
Australia,26‚Äì35,Male,Teacher,Weekly,Data analysis,Safety-critical tasks; Human rights,3,4,1,4,4,Repetitive work,Needs creativity or intuition,Yes,Human oversight or approval options,Mixed,Yes,AI handles small tasks only,Do not hallucinate
Russia,18‚Äì25,Male,Student,Daily,Tutoring and study; Data entry,Hiring decisions,4,2,5,5,2,Time-consuming administrative work,High-risk tasks,No,Clear explanations,Curious but worried,No,Both integration,Do not decide personal matters
Australia,18‚Äì25,Female,Working Professional,Daily,Problem solving; Data entry,Hiring decisions,5,2,3,5,2,Low-risk tasks,Requires empathy,No,Clear explanations,Curious but worried,No,Shared control,Always explain decisions
Russia,18‚Äì25,Male,Teacher,Daily,Data entry,Hiring decisions,5,2,3,4,3,Data-heavy tasks,Requires empathy,Yes,Transparency,Positive,Yes,Human final approval required,Human supervision always
USA,26‚Äì35,Female,Freelancer,Weekly,Tutoring and study,Legal decisions,4,2,4,5,3,Repetitive work,Requires empathy,Yes,Familiarity and training,Positive,No,AI handles small tasks only,Always explain decisions
Other,18‚Äì25,Prefer not to say,Unemployed,Daily,Data entry; Problem solving,Emotional tasks; Ethical judgments,4,4,4,4,3,Repetitive work,High-risk tasks,Yes,Training,Mixed,No,Shared control,Human final approval required
India,36‚Äì50,Female,Working Professional,Daily,Study help,Personal decisions,5,2,4,4,3,Data-driven or analytical tasks,Requires empathy,Yes,Human oversight,Curious but worried,No,Both integration,Always explain decisions
Bangladesh,Under 18,Male,Student,Occasionally,Calculation and error checking; Repetitive work,Hiring decisions; Personal decisions,4,3,3,4,3,Repetitive work,Needs creativity or intuition,Yes,Familiarity and training,Negative,Yes,Human final approval required,Be transparent
United Kingdom,Under 18,Female,Freelancer,Daily,Code generation,Human rights; Medical decisions,5,1,2,5,3,Analytical tasks,Involves sensitive/personal information,No,Ethical guidelines,Curious but worried,Yes,Human supervision always,Do not hallucinate
Middle Eastern,Under 18,Male,Student,Daily,Organizing notes; Data entry,Hiring decisions; Legal decisions,4,2,4,5,3,Repetitive work,Sensitive personal data,Yes,Clear explanations,Negative,No,AI handles small tasks only,Be transparent
USA,18‚Äì25,Prefer not to say,Student,Occasionally,Calculation and error checking,Human rights,4,3,3,5,5,Data-heavy tasks,Creative judgment,No,Clear explanations,Negative,No,AI handles small tasks only,Do not decide personal matters
Middle Eastern,18‚Äì25,Female,Working Professional,Occasionally,Drafting emails or reports; Research,Human rights,4,2,2,3,4,Data-driven or analytical tasks,Involves sensitive/personal information,Yes,Human oversight,Ambivalent,No,Both integration,Human supervision always
India,Above 60,Prefer not to say,Working Professional,Daily,Repetitive work; Data entry,Ethical judgments; Legal decisions,5,2,2,5,3,Repetitive work,High-risk tasks,No,Ethical guidelines,Curious but worried,Yes,Both integration,Human final approval required
Australia,Above 60,Male,Working Professional,Daily,Data entry; Research,Hiring decisions,4,4,1,4,4,Repetitive work,Requires empathy,No,Human oversight or approval options,Cautious,Yes,Human supervision always,Do not decide personal matters
Australia,18‚Äì25,Male,Teacher,Weekly,Problem solving,Legal decisions,3,2,1,5,4,Data-heavy tasks,Involves sensitive/personal information,No,Familiarity and training,Mixed,No,Human final approval required,Always explain decisions
USA,18‚Äì25,Female,Working Professional,Daily,Tutoring and study; Exam preparation,Ethical judgments; Medical help,5,4,4,5,2,Time-consuming administrative work,High-risk tasks,No,Clear explanations,Cautious,No,Human supervision always,Human final approval required
United Kingdom,18‚Äì25,Male,Office Staff,Daily,Research,Hiring decisions; Medical help,4,3,5,4,3,Time-consuming administrative work,High-risk tasks,Yes,Accuracy and reliability of results,Cautious,Yes,Shared control,Human final approval required
Australia,18‚Äì25,Male,Working Professional,Daily,Tutoring and study,Legal decisions; Medical decisions,5,2,2,3,4,Time-consuming administrative work,High-risk tasks,No,Familiarity and training,Curious but worried,Yes,AI handles small tasks only,Human final approval required
India,18‚Äì25,Male,Student,Daily,Study help,Human rights,4,2,2,3,4,Low-risk tasks,Sensitive personal data,Yes,Human oversight,Mixed,No,Both integration,Assist only when asked
Middle Eastern,36‚Äì50,Female,Student,Daily,Exam preparation; Code generation,Human rights,2,4,2,3,5,Data-driven or analytical tasks,Sensitive personal data,Yes,Accuracy and reliability of results,Cautious,No,Shared control,Assist only when asked
Other,18‚Äì25,Female,Student,Daily,Repetitive work; Research,Hiring decisions; Ethical judgments,3,3,5,3,4,Analytical tasks,Involves sensitive/personal information,Yes,Training,Ambivalent,No,Shared control,Do not hallucinate
United Kingdom,18‚Äì25,Male,Student,Daily,Repetitive work,Hiring decisions,5,2,5,4,3,Time-consuming administrative work,Involves sensitive/personal information,No,Familiarity and training,Positive,No,Human supervision always,Do not hallucinate
Middle Eastern,26‚Äì35,Female,Student,Daily,Exam preparation; Writing tasks,Legal decisions,4,1,4,3,3,Data-heavy tasks,Involves sensitive/personal information,Yes,Training,Mixed,Yes,Shared control,Always explain decisions
Middle Eastern,18‚Äì25,Male,Student,Occasionally,Data analysis; Calculation and error checking,Personal decisions; Safety-critical tasks,3,2,3,3,4,Low-risk tasks,Involves sensitive/personal information,Yes,Ethical guidelines,Cautious,No,Human final approval required,Human final approval required
Russia,18‚Äì25,Female,Office Staff,Daily,Routine tasks; Data analysis,Medical help; Medical decisions,3,4,2,3,4,Data-driven or analytical tasks,Needs creativity or intuition,No,Human oversight or approval options,Positive,Yes,Human supervision always,Always explain decisions
Australia,Under 18,Female,Student,Daily,Code generation; Drafting emails or reports,Legal decisions; Medical decisions,4,2,2,5,3,Data-driven or analytical tasks,Needs creativity or intuition,Yes,Ethical guidelines,Cautious,No,Both integration,Do not hallucinate
United Kingdom,18‚Äì25,Female,Freelancer,Daily,Code generation; Drafting emails or reports,Medical help; Hiring decisions,4,2,4,4,3,Repetitive work,Creative judgment,No,Accuracy and reliability of results,Curious but worried,No,Human final approval required,Assist only when asked
Middle Eastern,26‚Äì35,Female,Student,Weekly,Code generation; Organizing notes,Medical decisions; Hiring decisions,5,3,3,5,3,Data-driven or analytical tasks,High-risk tasks,No,Ethical guidelines,Curious but worried,No,Human supervision always,Protect privacy
USA,18‚Äì25,Female,Student,Daily,Research; Data entry,Medical decisions; Safety-critical tasks,4,3,3,5,1,Data-driven or analytical tasks,Creative judgment,No,Human oversight or approval options,Ambivalent,No,Shared control,Always explain decisions
Other,36‚Äì50,Female,Student,Occasionally,Problem solving,Medical decisions; Emotional tasks,5,4,3,4,4,Repetitive work,Involves sensitive/personal information,Yes,Human oversight,Curious but worried,No,Human supervision always,Protect privacy
Middle Eastern,18‚Äì25,Male,Student,Weekly,Tutoring and study; Drafting emails or reports,Medical help; Medical decisions,4,2,4,4,2,Time-consuming administrative work,Sensitive personal data,Yes,Training,Negative,No,Human final approval required,Human supervision always
Bangladesh,26‚Äì35,Male,Student,Weekly,Routine tasks,Hiring decisions,3,4,3,2,5,Low-risk tasks,High-risk tasks,No,Ethical guidelines,Negative,No,Both integration,Do not decide personal matters
USA,18‚Äì25,Prefer not to say,Student,Daily,Code generation; Exam preparation,Creative judgment,4,3,3,3,4,Repetitive work,Involves sensitive/personal information,No,Familiarity and training,Cautious,No,Human final approval required,Human final approval required
Australia,26‚Äì35,Female,Student,Weekly,Drafting emails or reports; Writing tasks,Hiring decisions; Creative judgment,5,3,3,4,3,Repetitive work,Creative judgment,Yes,Accuracy and reliability of results,Curious but worried,No,Both integration,Human final approval required
Bangladesh,26‚Äì35,Male,Student,Daily,Data entry; Writing tasks,Human rights,5,3,2,4,2,Low-risk tasks,Requires empathy,Yes,Training,Ambivalent,No,Shared control,Human supervision always
Russia,18‚Äì25,Male,Student,Daily,Data analysis,Safety-critical tasks; Personal decisions,3,4,5,5,4,Data-heavy tasks,Requires empathy,Yes,Clear explanations,Mixed,No,Human supervision always,Do not decide personal matters
Russia,Under 18,Female,Student,Occasionally,Calculation and error checking,Emotional tasks,4,2,3,4,5,Data-heavy tasks,Involves sensitive/personal information,No,Clear explanations,Positive,No,AI handles small tasks only,Human final approval required
Russia,18‚Äì25,Male,Student,Daily,Tutoring and study,Ethical judgments,5,3,1,5,5,Analytical tasks,Needs creativity or intuition,No,Accuracy and reliability of results,Ambivalent,Yes,Human final approval required,Human final approval required
Other,Under 18,Male,Student,Weekly,Data analysis,Medical help,4,4,2,5,4,Data-heavy tasks,Creative judgment,No,Clear explanations,Ambivalent,Not sure,Both integration,Do not hallucinate
Other,36‚Äì50,Male,Working Professional,Daily,Writing tasks; Repetitive work,Creative judgment; Ethical judgments,4,3,3,4,5,Repetitive work,Requires empathy,No,Human oversight,Ambivalent,No,Human supervision always,Be transparent
Other,18‚Äì25,Male,Working Professional,Daily,Tutoring and study,Human rights,4,5,1,4,4,Analytical tasks,Sensitive personal data,No,Accuracy and reliability of results,Negative,No,Shared control,Human supervision always
USA,36‚Äì50,Male,Office Staff,Weekly,Organizing notes; Study help,Hiring decisions,5,3,3,4,3,Data-heavy tasks,Requires empathy,No,Ethical guidelines,Positive,No,AI handles small tasks only,Do not decide personal matters
Australia,Above 60,Male,Student,Daily,Study help,Medical help; Legal decisions,4,2,3,4,5,Data-driven or analytical tasks,Sensitive personal data,No,Familiarity and training,Cautious,No,AI handles small tasks only,Always explain decisions
Bangladesh,26‚Äì35,Female,Student,Occasionally,Calculation and error checking,Personal decisions; Legal decisions,3,2,2,4,3,Repetitive work,Involves sensitive/personal information,No,Human oversight,Positive,Yes,Shared control,Human supervision always
Middle Eastern,18‚Äì25,Male,Student,Daily,Organizing notes,Medical help,4,4,2,3,4,Data-driven or analytical tasks,Requires empathy,No,Familiarity and training,Negative,No,Human final approval required,Do not hallucinate
Australia,Under 18,Male,Working Professional,Daily,Study help; Tutoring and study,Legal decisions; Human rights,5,3,4,3,5,Analytical tasks,Sensitive personal data,No,Human oversight,Ambivalent,No,Shared control,Be transparent
Middle Eastern,18‚Äì25,Female,Freelancer,Weekly,Writing tasks,Safety-critical tasks; Legal decisions,4,1,2,4,2,Time-consuming administrative work,Needs creativity or intuition,Yes,Ethical guidelines,Ambivalent,No,AI handles small tasks only,Protect privacy
Middle Eastern,36‚Äì50,Female,Freelancer,Weekly,Exam preparation,Medical decisions; Emotional tasks,4,4,3,4,2,Low-risk tasks,Involves sensitive/personal information,No,Clear explanations,Cautious,Yes,Shared control,Do not hallucinate
Other,36‚Äì50,Male,Working Professional,Daily,Study help; Routine tasks,Safety-critical tasks; Legal decisions,4,4,3,4,3,Analytical tasks,Requires empathy,Yes,Transparency,Ambivalent,Yes,Human final approval required,Do not hallucinate
India,18‚Äì25,Male,Student,Weekly,Graphic design; Data analysis,Human rights; Ethical judgments,4,2,3,5,2,Time-consuming administrative work,Involves sensitive/personal information,No,Transparency,Negative,No,Both integration,Be transparent
Australia,36‚Äì50,Female,Student,Daily,Routine tasks; Data analysis,Ethical judgments,4,4,2,4,5,Data-driven or analytical tasks,Creative judgment,Yes,Ethical guidelines,Curious but worried,No,Shared control,Protect privacy
India,18‚Äì25,Female,Student,Daily,Exam preparation; Graphic design,Personal decisions; Hiring decisions,4,2,2,5,2,Analytical tasks,Creative judgment,Yes,Clear explanations,Negative,Not sure,Both integration,Always explain decisions
USA,18‚Äì25,Prefer not to say,Freelancer,Daily,Exam preparation; Graphic design,Personal decisions,4,3,3,4,4,Low-risk tasks,Involves sensitive/personal information,No,Accuracy and reliability of results,Cautious,No,AI handles small tasks only,Human supervision always
United Kingdom,26‚Äì35,Male,Student,Daily,Data analysis,Hiring decisions,4,2,2,3,4,Data-heavy tasks,Requires empathy,Yes,Human oversight,Negative,Not sure,Human final approval required,Always explain decisions
Russia,26‚Äì35,Male,Student,Daily,Calculation and error checking,Ethical judgments,4,5,2,5,5,Repetitive work,Involves sensitive/personal information,No,Training,Mixed,Yes,Both integration,Human supervision always
Australia,Under 18,Male,Student,Daily,Tutoring and study,Human rights,5,5,2,5,3,Time-consuming administrative work,Needs creativity or intuition,No,Familiarity and training,Mixed,No,AI handles small tasks only,Always explain decisions
Bangladesh,36‚Äì50,Male,Working Professional,Daily,Data analysis; Organizing notes,Legal decisions; Medical help,4,3,4,5,5,Data-driven or analytical tasks,Requires empathy,Yes,Accuracy and reliability of results,Ambivalent,No,Human final approval required,Do not decide personal matters
Bangladesh,26‚Äì35,Female,Student,Occasionally,Data analysis; Routine tasks,Medical help,4,3,4,4,5,Data-driven or analytical tasks,Creative judgment,No,Training,Ambivalent,Not sure,Both integration,Do not decide personal matters
Middle Eastern,Under 18,Male,Working Professional,Occasionally,Exam preparation,Hiring decisions,4,4,4,4,5,Time-consuming administrative work,Creative judgment,No,Ethical guidelines,Ambivalent,No,Both integration,Human supervision always
Australia,36‚Äì50,Male,Working Professional,Occasionally,Research,Ethical judgments; Creative judgment,3,3,4,5,2,Data-heavy tasks,Requires empathy,Yes,Human oversight,Cautious,Not sure,AI handles small tasks only,Be transparent
United Kingdom,Under 18,Female,Teacher,Occasionally,Drafting emails or reports,Medical decisions; Personal decisions,5,3,5,3,1,Low-risk tasks,Involves sensitive/personal information,Yes,Familiarity and training,Mixed,Yes,Human final approval required,Assist only when asked
USA,18‚Äì25,Female,Working Professional,Daily,Tutoring and study; Exam preparation,Ethical judgments; Hiring decisions,4,2,2,5,2,Repetitive work,Needs creativity or intuition,No,Ethical guidelines,Negative,Not sure,Shared control,Human final approval required
India,18‚Äì25,Male,Other,Daily,Writing tasks,Emotional tasks,5,3,2,4,4,Low-risk tasks,Creative judgment,Yes,Human oversight or approval options,Positive,Not sure,Shared control,Always explain decisions
Russia,26‚Äì35,Female,Freelancer,Weekly,Graphic design,Safety-critical tasks,5,4,3,4,2,Data-heavy tasks,Sensitive personal data,No,Human oversight,Ambivalent,No,Shared control,Do not decide personal matters
Other,Under 18,Female,Student,Weekly,Exam preparation; Repetitive work,Medical decisions,5,1,3,5,4,Low-risk tasks,Requires empathy,Yes,Human oversight or approval options,Positive,No,Shared control,Human final approval required
Other,26‚Äì35,Male,Student,Daily,Tutoring and study,Emotional tasks,4,2,5,4,1,Low-risk tasks,Creative judgment,Yes,Clear explanations,Negative,No,Shared control,Human supervision always
Other,Under 18,Male,Student,Daily,Tutoring and study,Safety-critical tasks; Hiring decisions,4,3,5,5,5,Data-driven or analytical tasks,Sensitive personal data,No,Human oversight,Cautious,Yes,AI handles small tasks only,Protect privacy
United Kingdom,Under 18,Prefer not to say,Student,Daily,Drafting emails or reports; Calculation and error checking,Emotional tasks,4,3,4,5,4,Analytical tasks,Involves sensitive/personal information,No,Transparency,Cautious,Yes,Shared control,Be transparent
India,Under 18,Prefer not to say,Freelancer,Daily,Repetitive work; Study help; summarizing articles,Human rights,2,2,4,4,3,Repetitive work,High-risk tasks,No,Familiarity and training,Mixed,Yes,Human supervision always,Never act without human approval on high-risk tasks
Russia,Under 18,Male,Unemployed,Daily,Graphic design; simple edits; Drafting emails or reports,High-stakes financial decisions,5,4,5,5,3,Data-heavy tasks,"Involves sensitive/personal information, Needs creativity or intuition",No,Transparency (AI explains how it works),Not sure,Yes,Shared control,Protect privacy
USA,26‚Äì35,Female,Working Professional,Weekly,Study help; summarizing articles; Graphic design; simple edits,Personal decisions,4,4,1,4,3,"Clear rule-based tasks, Data-heavy tasks",Requires empathy or emotional understanding,No,Legal or ethical guidelines,Mixed,Yes,Human supervision always,Always explain decisions
Middle Eastern,36‚Äì50,Male,Freelancer,Daily,Problem solving; basic research; Data entry; calculation and error checking,Creative judgment,4,3,4,3,3,Repetitive work,Has high risk or safety consequences,No,Familiarity and training,Positive,No,Both integration,Always explain decisions
Bangladesh,Under 18,Prefer not to say,Office Staff,Weekly,Data analysis; simple charts,Personal decisions,5,3,2,2,1,Low-risk tasks,Involves sensitive/personal information,No,Independent audits and certifications,Ambivalent,Not sure,Human final approval required,Do not hallucinate
Bangladesh,Above 60,Female,Unemployed,Daily,Exam preparation; flashcards,Legal decisions,5,5,5,3,1,Routine or repetitive work,High-risk tasks,Yes,Clear explanations,Cautious,Not sure,Human supervision always,Do not decide personal matters
United Kingdom,26‚Äì35,Female,Teacher,Weekly,Exam preparation; flashcards,Decisions about children; Legal decisions,4,3,1,2,3,Repetitive work,"Requires deep context about a person's life, Needs creativity or intuition",No,Clear explanations,Cautious,Yes,Human final approval required,Do not hallucinate
Other,36‚Äì50,Male,Student,Daily,Scheduling; reminders; Graphic design; simple edits,Mental health support,4,3,3,5,4,"Routine or repetitive work, Time-consuming administrative work",High-risk tasks,No,Human oversight or approval options,Mixed,No,Human supervision always,Do not collect unnecessary personal data
India,Under 18,Prefer not to say,Office Staff,Weekly,Study help; summarizing articles,Medical decisions,5,5,5,2,3,"Tasks requiring no emotion or creativity, Simple calculations and checks",Creative judgment,No,Human oversight or approval options,Negative,No,Human supervision always,Be transparent
Bangladesh,Under 18,Prefer not to say,Unemployed,Daily,Exam preparation; flashcards; Study help; summarizing articles,Hiring decisions; Decisions about children,5,2,5,1,2,Time-consuming administrative work,Requires empathy or emotional understanding,No,Clear explanations,Curious but worried,Not sure,Human final approval required,Do not decide personal matters
United Kingdom,26‚Äì35,Female,Working Professional,Weekly,Exam preparation; flashcards,Legal decisions,3,3,4,1,3,"Clear rule-based tasks, Data-heavy tasks",Involves sensitive/personal information,No,Accuracy and reliability of results,Negative,No,Human final approval required,Never act without human approval on high-risk tasks
Bangladesh,Above 60,Female,Teacher,Daily,Drafting emails or reports,Mental health support,5,3,5,5,2,Data-driven or analytical tasks,Creative judgment,Yes,Transparency (AI explains how it works),Ambivalent,No,AI handles small tasks only,Be transparent
Australia,18‚Äì25,Prefer not to say,Unemployed,Daily,Code generation; debugging hints; Problem solving; basic research,Decisions about children,4,1,1,5,5,"Tasks requiring no emotion or creativity, Data-driven or analytical tasks",Requires deep context about a person's life,Yes,Accuracy and reliability of results,Negative,Not sure,Human supervision always,Never act without human approval on high-risk tasks
USA,18‚Äì25,Male,Other,Weekly,Writing outlines; idea generation,Mental health support,5,1,4,3,5,"Data-driven or analytical tasks, Routine or repetitive work",Needs cultural understanding,No,Human oversight or approval options,Negative,No,AI handles small tasks only,Do not decide personal matters
Middle Eastern,26‚Äì35,Female,Other,Daily,Problem solving; basic research,Legal decisions,5,3,3,4,4,Data-driven or analytical tasks,"Requires empathy or emotional understanding, Needs cultural understanding",No,Clear explanations,Not sure,No,Both integration,Always explain decisions
United Kingdom,26‚Äì35,Male,Teacher,Daily,Study help; summarizing articles,Legal decisions,4,4,4,5,4,Data-heavy tasks,Involves sensitive/personal information,No,Familiarity and training,Mixed,Not sure,Both integration,Do not decide personal matters
Middle Eastern,36‚Äì50,Prefer not to say,Teacher,Occasionally,Graphic design; simple edits,Decisions about children,4,3,3,1,2,Simple calculations and checks,Needs creativity or intuition,Yes,Clear explanations,Positive,No,Human final approval required,Never act without human approval on high-risk tasks
Australia,18‚Äì25,Male,Working Professional,Daily,Scheduling; reminders,Mental health support,3,3,5,1,3,Simple calculations and checks,Has high risk or safety consequences,Yes,Independent audits and certifications,Not sure,Yes,Both integration,Do not hallucinate
United Kingdom,Under 18,Female,Working Professional,Weekly,Exam preparation; flashcards,Creative judgment,4,5,4,5,5,Clear rule-based tasks,Has high risk or safety consequences,No,Legal or ethical guidelines,Mixed,Yes,Assist only when asked,Do not decide personal matters
Other,Under 18,Prefer not to say,Freelancer,Daily,Data entry; calculation and error checking,Legal decisions,3,5,1,2,3,Data-heavy tasks,Needs cultural understanding,No,Independent audits and certifications,Curious but worried,Not sure,Shared control,Do not collect unnecessary personal data
Australia,36‚Äì50,Female,Office Staff,Weekly,Repetitive work,High-stakes financial decisions,4,4,2,2,3,Tasks requiring no emotion or creativity,Involves sensitive personal data,Yes,Legal or ethical guidelines,Curious but worried,Not sure,Assist only when asked,Be transparent
USA,Under 18,Female,Unemployed,Daily,Graphic design; simple edits; Routine tasks; organizing notes,Emotional tasks; Creative judgment,4,3,5,3,5,Repetitive work,"Requires deep context about a person's life, Involves sensitive/personal information",Yes,Independent audits and certifications,Positive,Yes,Human supervision always,Do not collect unnecessary personal data
Other,Under 18,Prefer not to say,Working Professional,Daily,Writing outlines; idea generation,Personal decisions; Medical decisions,3,3,4,5,4,Data-driven or analytical tasks,Needs cultural understanding,Yes,Transparency (AI explains how it works),Curious but worried,Not sure,Assist only when asked,Do not hallucinate
India,Above 60,Male,Freelancer,Daily,Tutoring and study; practice questions; Problem solving; basic research,High-stakes financial decisions,4,1,4,1,3,Simple calculations and checks,"Needs cultural understanding, High-risk tasks",No,Familiarity and training,Not sure,Not sure,Both integration,Protect privacy
India,26‚Äì35,Female,Working Professional,Weekly,Tutoring and study; practice questions; Writing outlines; idea generation,Personal decisions,4,4,3,4,3,Data-driven or analytical tasks,High-risk tasks,Yes,Human oversight or approval options,Ambivalent,No,Both integration,Always explain decisions
Other,Under 18,Male,Freelancer,Daily,Graphic design; simple edits,Creative judgment,4,3,4,4,3,"Simple calculations and checks, Data-driven or analytical tasks",Needs creativity or intuition,No,Transparency (AI explains how it works),Ambivalent,Not sure,Assist only when asked,Do not hallucinate
Australia,Under 18,Male,Freelancer,Daily,Code generation; debugging hints; Data entry; calculation and error checking,High-stakes financial decisions,3,1,3,3,5,"Simple calculations and checks, Repetitive work",Creative judgment,No,Accuracy and reliability of results,Negative,Yes,AI handles small tasks only,Do not collect unnecessary personal data
Other,Under 18,Prefer not to say,Teacher,Weekly,Code generation; debugging hints,Decisions about children,3,4,5,1,2,Time-consuming administrative work,Needs cultural understanding,No,Accuracy and reliability of results,Not sure,Not sure,Both integration,Do not decide personal matters
United Kingdom,18‚Äì25,Female,Teacher,Daily,Tutoring and study; practice questions; Study help; summarizing articles,Personal decisions,3,4,2,3,4,"Simple calculations and checks, Time-consuming administrative work",Creative judgment,Yes,Legal or ethical guidelines,Positive,Not sure,Human supervision always,Never act without human approval on high-risk tasks
Bangladesh,18‚Äì25,Female,Office Staff,Weekly,Drafting emails or reports,Emotional tasks,4,3,1,4,4,Repetitive work,Requires deep context about a person's life,Yes,Transparency (AI explains how it works),Negative,Not sure,Human final approval required,Always explain decisions
Other,Above 60,Prefer not to say,Unemployed,Occasionally,Problem solving; basic research,Safety-critical tasks,3,4,4,4,1,Low-risk tasks,"Involves sensitive personal data, Needs cultural understanding",Yes,Legal or ethical guidelines,Positive,No,AI handles small tasks only,Do not decide personal matters
Other,36‚Äì50,Male,Working Professional,Daily,Data entry; calculation and error checking,Emotional tasks,4,3,3,1,2,"Simple calculations and checks, Time-consuming administrative work",Has high risk or safety consequences,Yes,Familiarity and training,Cautious,Yes,Human supervision always,Do not collect unnecessary personal data
USA,36‚Äì50,Prefer not to say,Freelancer,Daily,Graphic design; simple edits; Exam preparation; flashcards,Creative judgment,3,4,5,2,3,Low-risk tasks,Creative judgment,No,Accuracy and reliability of results,Not sure,Not sure,AI handles small tasks only,Do not collect unnecessary personal data
Other,18‚Äì25,Female,Office Staff,Daily,Data analysis; simple charts; Graphic design; simple edits,Human rights,3,4,3,5,5,"Tasks requiring no emotion or creativity, Simple calculations and checks",Needs cultural understanding,Yes,Legal or ethical guidelines,Positive,Yes,Human final approval required,Always explain decisions
India,Above 60,Female,Student,Weekly,Problem solving; basic research,Hiring decisions,4,4,2,4,5,Data-heavy tasks,High-risk tasks,No,Clear explanations,Ambivalent,No,Human final approval required,Be transparent
Australia,18‚Äì25,Prefer not to say,Student,Daily,Repetitive work; Writing outlines; idea generation,Medical decisions,2,4,5,3,4,Data-heavy tasks,Needs creativity or intuition,Yes,Human oversight or approval options,Negative,Yes,Human final approval required,Do not collect unnecessary personal data
USA,18‚Äì25,Female,Teacher,Daily,Data entry; calculation and error checking; Problem solving; basic research,Decisions about children,3,1,5,5,4,Tasks requiring no emotion or creativity,Involves sensitive personal data,Yes,Legal or ethical guidelines,Not sure,No,Shared control,Do not hallucinate
Australia,Under 18,Prefer not to say,Unemployed,Daily,Tutoring and study; practice questions,Personal decisions,4,4,4,1,4,Time-consuming administrative work,"Requires deep context about a person's life, Needs creativity or intuition",No,Clear explanations,Not sure,Not sure,Assist only when asked,Never act without human approval on high-risk tasks
Bangladesh,26‚Äì35,Female,Student,Daily,Data entry; calculation and error checking,Safety-critical tasks,4,1,2,5,2,Data-driven or analytical tasks,Creative judgment,No,Independent audits and certifications,Mixed,Not sure,AI handles small tasks only,Do not collect unnecessary personal data
United Kingdom,36‚Äì50,Prefer not to say,Freelancer,Daily,Drafting emails or reports,High-stakes financial decisions,3,3,1,3,4,Routine or repetitive work,"Involves sensitive personal data, High-risk tasks",No,Familiarity and training,Negative,Not sure,Shared control,Never act without human approval on high-risk tasks
USA,Under 18,Male,Freelancer,Occasionally,Data analysis; simple charts,Creative judgment,2,2,3,3,3,Low-risk tasks,Involves sensitive/personal information,No,Accuracy and reliability of results,Positive,Not sure,AI handles small tasks only,Do not hallucinate
India,26‚Äì35,Prefer not to say,Teacher,Daily,Scheduling; reminders,Decisions about children,3,2,1,5,3,Repetitive work,Needs creativity or intuition,Yes,Transparency (AI explains how it works),Not sure,Not sure,Human supervision always,Always explain decisions
Bangladesh,26‚Äì35,Male,Working Professional,Daily,Writing outlines; idea generation; Problem solving; basic research,Medical decisions,5,2,5,2,3,Low-risk tasks,"High-risk tasks, Involves sensitive/personal information",No,Legal or ethical guidelines,Not sure,No,Human final approval required,Always explain decisions
Bangladesh,Above 60,Female,Unemployed,Weekly,Data analysis; simple charts,Legal decisions,1,5,5,3,2,Data-heavy tasks,"Involves sensitive/personal information, High-risk tasks",No,Legal or ethical guidelines,Curious but worried,Not sure,AI handles small tasks only,Protect privacy
India,Above 60,Prefer not to say,Other,Daily,Routine tasks; organizing notes,Safety-critical tasks,4,2,3,4,3,Data-heavy tasks,"Involves sensitive personal data, Involves sensitive/personal information",Yes,Legal or ethical guidelines,Positive,Not sure,Assist only when asked,Do not decide personal matters
Russia,Under 18,Female,Freelancer,Occasionally,Drafting emails or reports,Decisions about children,5,3,5,1,2,Low-risk tasks,Needs creativity or intuition,No,Independent audits and certifications,Curious but worried,No,Shared control,Do not collect unnecessary personal data
Bangladesh,Above 60,Prefer not to say,Other,Weekly,Data entry; calculation and error checking,Decisions about children,1,3,4,5,3,"Routine or repetitive work, Repetitive work",Involves sensitive/personal information,Yes,Legal or ethical guidelines,Cautious,No,AI handles small tasks only,Do not hallucinate
India,Under 18,Male,Working Professional,Weekly,Graphic design; simple edits; Writing outlines; idea generation,Creative judgment; Hiring decisions,1,1,3,3,4,"Routine or repetitive work, Simple calculations and checks",High-risk tasks,Yes,Human oversight or approval options,Cautious,Not sure,Shared control,Be transparent
Australia,26‚Äì35,Female,Student,Daily,Scheduling; reminders,Legal decisions,4,2,3,5,3,Repetitive work,Involves sensitive personal data,No,Familiarity and training,Cautious,Not sure,Both integration,Never act without human approval on high-risk tasks
Bangladesh,26‚Äì35,Male,Other,Occasionally,Graphic design; simple edits,Creative judgment; Personal decisions,4,4,3,3,2,"Data-heavy tasks, Low-risk tasks",Involves sensitive/personal information,Yes,Familiarity and training,Curious but worried,Yes,AI handles small tasks only,Do not decide personal matters
Australia,18‚Äì25,Male,Office Staff,Daily,Exam preparation; flashcards,Emotional tasks,5,1,5,4,3,Data-heavy tasks,"Requires deep context about a person's life, Involves sensitive/personal information",No,Legal or ethical guidelines,Ambivalent,No,AI handles small tasks only,Always explain decisions
Other,36‚Äì50,Male,Student,Daily,Graphic design; simple edits,Creative judgment,3,4,5,1,3,Repetitive work,Needs creativity or intuition,No,Familiarity and training,Negative,Yes,Both integration,Be transparent
Bangladesh,18‚Äì25,Prefer not to say,Unemployed,Occasionally,Writing outlines; idea generation,Decisions about children; High-stakes financial decisions,4,4,3,5,3,"Data-heavy tasks, Routine or repetitive work",High-risk tasks,No,Accuracy and reliability of results,Ambivalent,Not sure,Human final approval required,Do not collect unnecessary personal data
USA,26‚Äì35,Female,Teacher,Weekly,Writing outlines; idea generation,Ethical judgments,3,4,5,3,3,"Clear rule-based tasks, Tasks requiring no emotion or creativity",High-risk tasks,No,Accuracy and reliability of results,Negative,Yes,AI handles small tasks only,Do not collect unnecessary personal data
USA,Under 18,Female,Other,Weekly,Writing outlines; idea generation,Decisions about children,4,3,4,4,4,Low-risk tasks,"Involves sensitive personal data, Requires deep context about a person's life",Yes,Legal or ethical guidelines,Curious but worried,No,Assist only when asked,Do not collect unnecessary personal data
Other,18‚Äì25,Female,Teacher,Occasionally,Data entry; calculation and error checking,Decisions about children; Personal decisions,5,3,2,3,3,Repetitive work,Requires deep context about a person's life,Yes,Clear explanations,Not sure,Not sure,Shared control,Do not decide personal matters
USA,36‚Äì50,Male,Working Professional,Weekly,Graphic design; simple edits,Safety-critical tasks,5,5,3,3,3,Routine or repetitive work,Requires deep context about a person's life,Yes,Transparency (AI explains how it works),Mixed,No,Assist only when asked,Do not collect unnecessary personal data
India,Under 18,Female,Working Professional,Weekly,Drafting emails or reports; Study help; summarizing articles,Hiring decisions,4,4,3,2,2,Simple calculations and checks,High-risk tasks,Yes,Clear explanations,Negative,No,Both integration,Be transparent
USA,Under 18,Prefer not to say,Freelancer,Daily,Tutoring and study; practice questions; Graphic design; simple edits,Safety-critical tasks,4,3,5,4,3,Repetitive work,Involves sensitive/personal information,Yes,Independent audits and certifications,Curious but worried,Not sure,AI handles small tasks only,Do not hallucinate
USA,36‚Äì50,Prefer not to say,Unemployed,Weekly,Repetitive work,Medical decisions,5,1,4,4,2,Data-driven or analytical tasks,High-risk tasks,Yes,Independent audits and certifications,Ambivalent,Yes,AI handles small tasks only,Do not decide personal matters
Middle Eastern,36‚Äì50,Prefer not to say,Unemployed,Occasionally,Code generation; debugging hints; Routine tasks; organizing notes,Mental health support,3,5,3,4,5,Tasks requiring no emotion or creativity,Has high risk or safety consequences,No,Transparency (AI explains how it works),Positive,No,Assist only when asked,Do not decide personal matters
USA,36‚Äì50,Female,Unemployed,Daily,Repetitive work; Scheduling; reminders,Hiring decisions,5,3,5,3,5,Low-risk tasks,Has high risk or safety consequences,No,Transparency (AI explains how it works),Negative,Yes,Human supervision always,Do not collect unnecessary personal data
Bangladesh,Above 60,Male,Teacher,Daily,Problem solving; basic research,Human rights,3,3,1,2,3,Repetitive work,Involves sensitive personal data,Yes,Accuracy and reliability of results,Not sure,No,Assist only when asked,Protect privacy
United Kingdom,Under 18,Male,Other,Daily,Problem solving; basic research,Mental health support; Creative judgment,3,4,5,5,5,Data-driven or analytical tasks,Has high risk or safety consequences,Yes,Independent audits and certifications,Mixed,Not sure,Human supervision always,Be transparent
Bangladesh,26‚Äì35,Prefer not to say,Office Staff,Daily,Data analysis; simple charts,Creative judgment,5,4,4,1,3,Tasks requiring no emotion or creativity,"Involves sensitive/personal information, Requires deep context about a person's life",Yes,Legal or ethical guidelines,Cautious,Not sure,Human final approval required,Do not decide personal matters
USA,36‚Äì50,Prefer not to say,Other,Daily,Problem solving; basic research,Creative judgment,2,2,2,3,4,"Routine or repetitive work, Clear rule-based tasks",Creative judgment,Yes,Familiarity and training,Ambivalent,Yes,Human final approval required,Always explain decisions
Russia,Above 60,Male,Other,Occasionally,Exam preparation; flashcards,High-stakes financial decisions,2,5,4,3,2,"Clear rule-based tasks, Data-driven or analytical tasks","Involves sensitive personal data, Needs cultural understanding",No,Legal or ethical guidelines,Positive,Not sure,Shared control,Do not hallucinate
Russia,Above 60,Male,Freelancer,Occasionally,Code generation; debugging hints,Safety-critical tasks; Legal decisions,3,5,3,3,4,Data-driven or analytical tasks,"Has high risk or safety consequences, Creative judgment",No,Independent audits and certifications,Curious but worried,No,Human supervision always,Do not collect unnecessary personal data
Russia,18‚Äì25,Male,Unemployed,Occasionally,Tutoring and study; practice questions,Human rights,4,5,3,1,3,"Repetitive work, Simple calculations and checks","Involves sensitive personal data, Requires empathy or emotional understanding",Yes,Legal or ethical guidelines,Negative,No,Assist only when asked,Do not decide personal matters
United Kingdom,26‚Äì35,Prefer not to say,Freelancer,Daily,Routine tasks; organizing notes,Hiring decisions,4,4,2,5,4,Data-heavy tasks,Requires deep context about a person's life,Yes,Familiarity and training,Curious but worried,No,Human final approval required,Be transparent
Other,Above 60,Female,Working Professional,Weekly,Data analysis; simple charts,Decisions about children,4,3,4,2,5,Clear rule-based tasks,Creative judgment,Yes,Accuracy and reliability of results,Mixed,Not sure,Shared control,Protect privacy
Bangladesh,Above 60,Female,Freelancer,Occasionally,Data entry; calculation and error checking,Mental health support,5,4,4,5,3,"Tasks requiring no emotion or creativity, Time-consuming administrative work",Requires empathy or emotional understanding,Yes,Human oversight or approval options,Positive,No,AI handles small tasks only,Protect privacy
Other,Under 18,Prefer not to say,Working Professional,Daily,Tutoring and study; practice questions,Safety-critical tasks,4,5,3,3,5,Data-driven or analytical tasks,Needs creativity or intuition,No,Familiarity and training,Mixed,Yes,AI handles small tasks only,Do not collect unnecessary personal data
Russia,36‚Äì50,Female,Office Staff,Occasionally,Graphic design; simple edits,Ethical judgments,5,3,1,4,3,Data-driven or analytical tasks,Involves sensitive/personal information,No,Clear explanations,Mixed,Not sure,Both integration,Do not hallucinate
Australia,18‚Äì25,Male,Office Staff,Weekly,Routine tasks; organizing notes,Mental health support,3,1,5,2,2,"Low-risk tasks, Clear rule-based tasks",Has high risk or safety consequences,No,Legal or ethical guidelines,Ambivalent,Yes,AI handles small tasks only,Do not decide personal matters
United Kingdom,Above 60,Prefer not to say,Teacher,Occasionally,Repetitive work,Hiring decisions,1,5,3,5,5,Low-risk tasks,Creative judgment,Yes,Accuracy and reliability of results,Curious but worried,Not sure,Shared control,Do not decide personal matters
Other,18‚Äì25,Prefer not to say,Unemployed,Daily,Repetitive work,Personal decisions,5,3,4,4,4,"Time-consuming administrative work, Tasks requiring no emotion or creativity",Needs cultural understanding,Yes,Legal or ethical guidelines,Ambivalent,Yes,Human supervision always,Do not hallucinate
Australia,36‚Äì50,Male,Unemployed,Weekly,Data analysis; simple charts; Scheduling; reminders,Legal decisions,5,3,4,1,4,Low-risk tasks,High-risk tasks,No,Clear explanations,Positive,Not sure,AI handles small tasks only,Do not decide personal matters
Other,18‚Äì25,Female,Teacher,Occasionally,Study help; summarizing articles,High-stakes financial decisions,3,4,5,5,4,Routine or repetitive work,High-risk tasks,Yes,Familiarity and training,Positive,Yes,Human final approval required,Always explain decisions
Russia,Above 60,Female,Student,Weekly,Data entry; calculation and error checking,Emotional tasks,4,3,5,3,1,Clear rule-based tasks,Creative judgment,No,Accuracy and reliability of results,Not sure,Yes,Assist only when asked,Do not hallucinate
India,Above 60,Male,Student,Occasionally,Data analysis; simple charts,Hiring decisions,4,3,2,2,4,Tasks requiring no emotion or creativity,Needs cultural understanding,Yes,Clear explanations,Not sure,No,Shared control,Do not hallucinate
United Kingdom,Under 18,Male,Freelancer,Daily,Data entry; calculation and error checking; Data analysis; simple charts,Legal decisions; High-stakes financial decisions,4,3,3,2,3,Tasks requiring no emotion or creativity,"Requires empathy or emotional understanding, Involves sensitive/personal information",Yes,Familiarity and training,Positive,No,Human final approval required,Never act without human approval on high-risk tasks
Middle Eastern,36‚Äì50,Male,Office Staff,Daily,Data analysis; simple charts,Decisions about children,5,1,3,3,4,"Data-heavy tasks, Low-risk tasks","High-risk tasks, Creative judgment",No,Transparency (AI explains how it works),Curious but worried,Not sure,Assist only when asked,Do not hallucinate
Russia,36‚Äì50,Prefer not to say,Freelancer,Weekly,Study help; summarizing articles,Mental health support; Emotional tasks,4,3,2,4,2,Repetitive work,Needs cultural understanding,Yes,Legal or ethical guidelines,Negative,No,Human supervision always,Do not decide personal matters
India,Above 60,Prefer not to say,Other,Daily,Writing outlines; idea generation,High-stakes financial decisions,3,4,4,5,2,"Simple calculations and checks, Data-heavy tasks",Creative judgment,Yes,Human oversight or approval options,Negative,Not sure,Shared control,Never act without human approval on high-risk tasks
United Kingdom,36‚Äì50,Male,Office Staff,Daily,Tutoring and study; practice questions,Mental health support,3,3,4,3,3,Data-heavy tasks,Requires deep context about a person's life,Yes,Familiarity and training,Not sure,Yes,Assist only when asked,Do not hallucinate
Middle Eastern,26‚Äì35,Male,Working Professional,Daily,Drafting emails or reports,Emotional tasks,3,4,3,4,4,Simple calculations and checks,"Requires deep context about a person's life, High-risk tasks",No,Human oversight or approval options,Curious but worried,Not sure,Shared control,Always explain decisions
Bangladesh,Under 18,Female,Working Professional,Weekly,Exam preparation; flashcards,Decisions about children,3,4,1,4,3,"Simple calculations and checks, Clear rule-based tasks",High-risk tasks,Yes,Familiarity and training,Ambivalent,No,Human final approval required,Do not decide personal matters
Middle Eastern,18‚Äì25,Male,Student,Daily,Routine tasks; organizing notes,Hiring decisions,3,4,2,3,4,Time-consuming administrative work,"Needs creativity or intuition, Involves sensitive/personal information",Yes,Transparency (AI explains how it works),Cautious,No,Both integration,Always explain decisions
USA,Under 18,Female,Other,Daily,Repetitive work; Data analysis; simple charts,Decisions about children,5,4,5,1,3,Repetitive work,Creative judgment,Yes,Human oversight or approval options,Not sure,No,Shared control,Do not hallucinate
Middle Eastern,Under 18,Female,Working Professional,Daily,Data analysis; simple charts,Mental health support,4,4,4,4,3,"Data-heavy tasks, Tasks requiring no emotion or creativity",Needs creativity or intuition,No,Familiarity and training,Not sure,Not sure,Human final approval required,Protect privacy
Other,18‚Äì25,Female,Office Staff,Occasionally,Writing outlines; idea generation; Routine tasks; organizing notes,Legal decisions,4,4,4,1,4,Tasks requiring no emotion or creativity,Has high risk or safety consequences,No,Accuracy and reliability of results,Positive,Yes,Shared control,Do not decide personal matters
USA,Under 18,Male,Unemployed,Daily,Exam preparation; flashcards,Hiring decisions,4,3,1,3,1,Tasks requiring no emotion or creativity,High-risk tasks,Yes,Familiarity and training,Curious but worried,Yes,Assist only when asked,Protect privacy
Other,18‚Äì25,Male,Working Professional,Daily,Scheduling; reminders,Decisions about children; Legal decisions,4,3,1,3,2,Low-risk tasks,Needs cultural understanding,No,Independent audits and certifications,Not sure,No,Both integration,Do not decide personal matters
United Kingdom,36‚Äì50,Female,Working Professional,Occasionally,Study help; summarizing articles,Personal decisions,5,3,4,4,3,Tasks requiring no emotion or creativity,Needs creativity or intuition,Yes,Clear explanations,Not sure,Not sure,Shared control,Never act without human approval on high-risk tasks
India,36‚Äì50,Prefer not to say,Unemployed,Daily,Tutoring and study; practice questions,Emotional tasks,3,3,2,3,3,Clear rule-based tasks,Needs cultural understanding,No,Clear explanations,Not sure,Not sure,Human final approval required,Never act without human approval on high-risk tasks
Russia,18‚Äì25,Prefer not to say,Office Staff,Daily,Graphic design; simple edits; Routine tasks; organizing notes,Personal decisions; Mental health support,5,4,3,5,5,Clear rule-based tasks,Needs creativity or intuition,No,Legal or ethical guidelines,Not sure,Not sure,Human final approval required,Never act without human approval on high-risk tasks
Other,Under 18,Female,Unemployed,Occasionally,Writing outlines; idea generation; Tutoring and study; practice questions,Safety-critical tasks,2,4,4,3,3,Simple calculations and checks,Involves sensitive personal data,No,Transparency (AI explains how it works),Not sure,Not sure,Shared control,Be transparent
United Kingdom,Above 60,Male,Office Staff,Daily,Scheduling; reminders,Hiring decisions; Decisions about children,4,5,2,3,2,Time-consuming administrative work,Needs cultural understanding,Yes,Human oversight or approval options,Mixed,Not sure,Shared control,Always explain decisions
United Kingdom,36‚Äì50,Male,Freelancer,Weekly,Routine tasks; organizing notes,Emotional tasks,4,5,3,3,3,Data-driven or analytical tasks,Involves sensitive/personal information,No,Transparency (AI explains how it works),Negative,No,Shared control,Do not hallucinate
USA,Above 60,Female,Unemployed,Daily,Tutoring and study; practice questions; Data entry; calculation and error checking,Safety-critical tasks,4,4,4,5,3,Repetitive work,Requires empathy or emotional understanding,Yes,Independent audits and certifications,Cautious,Not sure,Human final approval required,Never act without human approval on high-risk tasks
Other,36‚Äì50,Male,Student,Daily,Writing outlines; idea generation,Mental health support,5,2,1,2,2,Simple calculations and checks,Involves sensitive/personal information,No,Independent audits and certifications,Curious but worried,No,Human final approval required,Do not collect unnecessary personal data
India,18‚Äì25,Female,Other,Occasionally,Writing outlines; idea generation,Human rights,4,3,5,3,5,Data-heavy tasks,"Needs cultural understanding, Has high risk or safety consequences",Yes,Independent audits and certifications,Negative,Yes,Human final approval required,Do not decide personal matters
Russia,26‚Äì35,Female,Office Staff,Daily,Writing outlines; idea generation,Medical decisions,5,5,4,1,5,Low-risk tasks,"Has high risk or safety consequences, Requires deep context about a person's life",Yes,Independent audits and certifications,Not sure,Not sure,Both integration,Protect privacy
Middle Eastern,36‚Äì50,Female,Student,Weekly,Problem solving; basic research,Emotional tasks,5,1,3,3,5,Repetitive work,Involves sensitive/personal information,No,Clear explanations,Ambivalent,Not sure,AI handles small tasks only,Do not collect unnecessary personal data
United Kingdom,36‚Äì50,Female,Freelancer,Weekly,Scheduling; reminders,Medical decisions; Emotional tasks,3,4,4,4,3,"Repetitive work, Low-risk tasks",Involves sensitive personal data,No,Human oversight or approval options,Ambivalent,Yes,Assist only when asked,Do not decide personal matters
Australia,Under 18,Female,Teacher,Occasionally,Scheduling; reminders; Routine tasks; organizing notes,Medical decisions; Legal decisions,3,3,3,4,2,Low-risk tasks,High-risk tasks,Yes,Transparency (AI explains how it works),Ambivalent,No,Shared control,Do not collect unnecessary personal data
Middle Eastern,Under 18,Prefer not to say,Other,Daily,Data entry; calculation and error checking,High-stakes financial decisions; Creative judgment,3,5,1,5,4,Repetitive work,Has high risk or safety consequences,Yes,Clear explanations,Ambivalent,Yes,Both integration,Always explain decisions
India,18‚Äì25,Male,Office Staff,Weekly,Study help; summarizing articles,Decisions about children,3,3,4,2,4,Data-driven or analytical tasks,Requires empathy or emotional understanding,No,Human oversight or approval options,Curious but worried,Not sure,Human final approval required,Do not hallucinate
United Kingdom,36‚Äì50,Female,Student,Daily,Problem solving; basic research; Exam preparation; flashcards,Hiring decisions,4,1,5,1,3,Low-risk tasks,Involves sensitive/personal information,Yes,Accuracy and reliability of results,Negative,Yes,Shared control,Do not collect unnecessary personal data
Middle Eastern,36‚Äì50,Prefer not to say,Unemployed,Daily,Study help; summarizing articles,Ethical judgments,4,4,2,3,3,Tasks requiring no emotion or creativity,Involves sensitive/personal information,No,Clear explanations,Not sure,Yes,Shared control,Do not hallucinate
Bangladesh,26‚Äì35,Prefer not to say,Teacher,Weekly,Problem solving; basic research,Mental health support,3,1,1,1,3,"Data-heavy tasks, Data-driven or analytical tasks",Involves sensitive/personal information,Yes,Accuracy and reliability of results,Not sure,No,AI handles small tasks only,Always explain decisions
India,36‚Äì50,Female,Office Staff,Daily,Exam preparation; flashcards,Legal decisions; Creative judgment,4,4,3,3,2,Repetitive work,"Needs creativity or intuition, Requires deep context about a person's life",No,Human oversight or approval options,Negative,Yes,Human final approval required,Do not collect unnecessary personal data
Middle Eastern,26‚Äì35,Female,Other,Daily,Repetitive work,Legal decisions,3,3,5,2,4,Data-driven or analytical tasks,Creative judgment,No,Transparency (AI explains how it works),Mixed,Yes,AI handles small tasks only,Always explain decisions
Other,18‚Äì25,Prefer not to say,Office Staff,Weekly,Data analysis; simple charts,Safety-critical tasks; High-stakes financial decisions,3,1,3,2,3,Tasks requiring no emotion or creativity,"Creative judgment, High-risk tasks",Yes,Legal or ethical guidelines,Cautious,Yes,Human supervision always,Never act without human approval on high-risk tasks
Middle Eastern,26‚Äì35,Female,Teacher,Daily,Graphic design; simple edits,Ethical judgments; Personal decisions,2,2,5,1,3,Data-heavy tasks,Needs cultural understanding,No,Accuracy and reliability of results,Cautious,No,Human supervision always,Be transparent
India,18‚Äì25,Male,Working Professional,Daily,Tutoring and study; practice questions; Routine tasks; organizing notes,Legal decisions; High-stakes financial decisions,3,2,3,5,3,Data-driven or analytical tasks,"Requires empathy or emotional understanding, Requires deep context about a person's life",Yes,Transparency (AI explains how it works),Ambivalent,Yes,AI handles small tasks only,Protect privacy
USA,Under 18,Female,Other,Daily,Repetitive work; Writing outlines; idea generation,Human rights; Hiring decisions,4,2,3,5,2,Data-heavy tasks,Involves sensitive/personal information,No,Independent audits and certifications,Positive,Yes,Shared control,Do not hallucinate
Russia,Under 18,Male,Unemployed,Daily,Graphic design; simple edits; Study help; summarizing articles,Ethical judgments,5,3,4,4,3,Simple calculations and checks,Requires empathy or emotional understanding,Yes,Clear explanations,Mixed,No,Both integration,Always explain decisions
USA,36‚Äì50,Male,Teacher,Occasionally,Writing outlines; idea generation,Emotional tasks,4,4,5,5,5,Simple calculations and checks,High-risk tasks,No,Human oversight or approval options,Positive,No,Human final approval required,Do not hallucinate
Russia,Above 60,Male,Working Professional,Daily,Study help; summarizing articles,Hiring decisions,4,3,5,5,1,"Low-risk tasks, Data-heavy tasks",Requires deep context about a person's life,Yes,Clear explanations,Ambivalent,No,Human final approval required,Always explain decisions
Australia,18‚Äì25,Female,Student,Daily,Study help; summarizing articles,Safety-critical tasks,3,2,3,1,5,"Data-heavy tasks, Low-risk tasks",Has high risk or safety consequences,No,Transparency (AI explains how it works),Mixed,Not sure,Assist only when asked,Protect privacy
USA,18‚Äì25,Prefer not to say,Unemployed,Weekly,Exam preparation; flashcards,Human rights,5,4,2,5,4,Low-risk tasks,"Creative judgment, Requires empathy or emotional understanding",No,Independent audits and certifications,Not sure,Not sure,Shared control,Do not hallucinate
United Kingdom,Above 60,Male,Unemployed,Daily,Routine tasks; organizing notes,High-stakes financial decisions,4,2,5,2,5,Data-heavy tasks,"Creative judgment, Involves sensitive/personal information",No,Accuracy and reliability of results,Not sure,Yes,Assist only when asked,Be transparent
USA,36‚Äì50,Female,Unemployed,Daily,Study help; summarizing articles; Routine tasks; organizing notes,Medical decisions,3,4,4,4,4,"Data-heavy tasks, Routine or repetitive work",Involves sensitive/personal information,No,Human oversight or approval options,Ambivalent,Yes,Human final approval required,Be transparent
Bangladesh,36‚Äì50,Prefer not to say,Working Professional,Weekly,Code generation; debugging hints,Mental health support,4,1,3,5,3,"Data-driven or analytical tasks, Routine or repetitive work",Requires empathy or emotional understanding,No,Human oversight or approval options,Positive,No,Shared control,Protect privacy
Other,18‚Äì25,Male,Student,Daily,Tutoring and study; practice questions,High-stakes financial decisions,4,5,3,2,4,Clear rule-based tasks,Requires deep context about a person's life,No,Human oversight or approval options,Cautious,Yes,AI handles small tasks only,Protect privacy
Bangladesh,18‚Äì25,Prefer not to say,Teacher,Daily,Repetitive work,Creative judgment,4,4,3,5,2,Clear rule-based tasks,Involves sensitive personal data,Yes,Legal or ethical guidelines,Mixed,Yes,Both integration,Do not collect unnecessary personal data
USA,Under 18,Female,Working Professional,Occasionally,Scheduling; reminders,High-stakes financial decisions; Decisions about children,3,2,2,1,1,Data-driven or analytical tasks,"Involves sensitive/personal information, High-risk tasks",No,Familiarity and training,Mixed,No,Human final approval required,Protect privacy
India,36‚Äì50,Male,Working Professional,Daily,Writing outlines; idea generation; Code generation; debugging hints,Safety-critical tasks,4,5,1,2,4,Data-driven or analytical tasks,Involves sensitive personal data,No,Transparency (AI explains how it works),Negative,No,Both integration,Do not hallucinate
Bangladesh,36‚Äì50,Female,Teacher,Daily,Drafting emails or reports,Emotional tasks,4,5,5,1,4,Routine or repetitive work,"Needs creativity or intuition, Involves sensitive personal data",No,Accuracy and reliability of results,Ambivalent,No,Human final approval required,Never act without human approval on high-risk tasks
Other,Above 60,Female,Other,Daily,Code generation; debugging hints,Medical decisions; Human rights,5,1,4,3,4,"Repetitive work, Simple calculations and checks",Requires empathy or emotional understanding,Yes,Accuracy and reliability of results,Mixed,No,Human final approval required,Protect privacy
Russia,36‚Äì50,Prefer not to say,Unemployed,Daily,Data analysis; simple charts,Legal decisions,5,4,3,2,5,"Tasks requiring no emotion or creativity, Time-consuming administrative work",Needs creativity or intuition,Yes,Accuracy and reliability of results,Ambivalent,No,Human final approval required,Be transparent
USA,Above 60,Male,Working Professional,Daily,Graphic design; simple edits,Emotional tasks,5,3,5,4,3,Simple calculations and checks,High-risk tasks,No,Familiarity and training,Positive,Yes,Human final approval required,Never act without human approval on high-risk tasks
Australia,26‚Äì35,Prefer not to say,Student,Daily,Scheduling; reminders; Data entry; calculation and error checking,Creative judgment,3,3,3,3,4,Repetitive work,Needs cultural understanding,Yes,Clear explanations,Positive,Not sure,Both integration,Do not decide personal matters
United Kingdom,26‚Äì35,Prefer not to say,Teacher,Daily,Data entry; calculation and error checking,Creative judgment; Legal decisions,4,4,5,4,3,"Simple calculations and checks, Data-driven or analytical tasks",High-risk tasks,Yes,Clear explanations,Mixed,Not sure,Shared control,Do not hallucinate
Middle Eastern,26‚Äì35,Female,Freelancer,Daily,Exam preparation; flashcards; Study help; summarizing articles,Creative judgment; High-stakes financial decisions,4,2,1,4,3,Tasks requiring no emotion or creativity,"Needs cultural understanding, Has high risk or safety consequences",Yes,Human oversight or approval options,Mixed,No,Human final approval required,Protect privacy
India,36‚Äì50,Female,Teacher,Occasionally,Exam preparation; flashcards,Emotional tasks,3,1,3,2,4,"Routine or repetitive work, Tasks requiring no emotion or creativity",Needs cultural understanding,No,Legal or ethical guidelines,Positive,Yes,Human final approval required,Do not hallucinate
United Kingdom,Under 18,Prefer not to say,Student,Weekly,Exam preparation; flashcards,Legal decisions,3,4,3,2,3,Data-driven or analytical tasks,Involves sensitive personal data,No,Legal or ethical guidelines,Ambivalent,Yes,AI handles small tasks only,Protect privacy
Bangladesh,18‚Äì25,Male,Teacher,Occasionally,Writing outlines; idea generation; Scheduling; reminders,Personal decisions,3,1,3,2,4,Repetitive work,Requires empathy or emotional understanding,Yes,Transparency (AI explains how it works),Ambivalent,Yes,Both integration,Protect privacy
USA,18‚Äì25,Prefer not to say,Teacher,Weekly,Data entry; calculation and error checking,Legal decisions,3,4,4,3,4,Routine or repetitive work,"Involves sensitive personal data, Needs creativity or intuition",No,Independent audits and certifications,Curious but worried,Yes,AI handles small tasks only,Never act without human approval on high-risk tasks
Other,18‚Äì25,Prefer not to say,Unemployed,Daily,Data entry; calculation and error checking,Creative judgment; Mental health support,1,4,5,5,4,Routine or repetitive work,Needs creativity or intuition,No,Accuracy and reliability of results,Cautious,Yes,Shared control,Do not collect unnecessary personal data
Russia,36‚Äì50,Prefer not to say,Student,Daily,Problem solving; basic research,Decisions about children,5,1,5,4,2,Routine or repetitive work,"Requires deep context about a person's life, Needs cultural understanding",No,Legal or ethical guidelines,Mixed,No,Assist only when asked,Do not collect unnecessary personal data
India,18‚Äì25,Prefer not to say,Teacher,Daily,Scheduling; reminders,Decisions about children,5,2,3,4,4,Data-heavy tasks,Has high risk or safety consequences,No,Transparency (AI explains how it works),Cautious,No,Shared control,Be transparent
United Kingdom,26‚Äì35,Prefer not to say,Office Staff,Weekly,Scheduling; reminders,Creative judgment,4,3,4,4,4,"Repetitive work, Low-risk tasks",High-risk tasks,No,Independent audits and certifications,Negative,Yes,Both integration,Do not decide personal matters
United Kingdom,Above 60,Prefer not to say,Unemployed,Daily,Tutoring and study; practice questions,Emotional tasks,3,3,5,3,5,"Repetitive work, Tasks requiring no emotion or creativity",Requires empathy or emotional understanding,Yes,Independent audits and certifications,Positive,Not sure,Human final approval required,Never act without human approval on high-risk tasks
Other,26‚Äì35,Female,Other,Daily,Scheduling; reminders,Emotional tasks; High-stakes financial decisions,3,3,4,4,3,"Time-consuming administrative work, Data-heavy tasks",Creative judgment,No,Clear explanations,Positive,Yes,Human supervision always,Protect privacy
United Kingdom,18‚Äì25,Male,Other,Daily,Scheduling; reminders,Decisions about children; Emotional tasks,4,4,4,2,3,Simple calculations and checks,"High-risk tasks, Involves sensitive personal data",Yes,Familiarity and training,Ambivalent,Yes,Human final approval required,Protect privacy
USA,18‚Äì25,Male,Unemployed,Weekly,Data analysis; simple charts,Personal decisions,4,3,5,3,4,Data-heavy tasks,Involves sensitive personal data,Yes,Legal or ethical guidelines,Curious but worried,Not sure,Assist only when asked,Always explain decisions
United Kingdom,18‚Äì25,Male,Office Staff,Weekly,Data entry; calculation and error checking,Mental health support,4,5,1,5,5,Routine or repetitive work,High-risk tasks,No,Clear explanations,Ambivalent,Not sure,AI handles small tasks only,Do not collect unnecessary personal data
Middle Eastern,18‚Äì25,Male,Teacher,Daily,Repetitive work,Personal decisions; Creative judgment,3,4,5,4,2,Repetitive work,"Involves sensitive personal data, High-risk tasks",Yes,Clear explanations,Ambivalent,Not sure,Both integration,Do not hallucinate
Middle Eastern,36‚Äì50,Female,Other,Occasionally,Writing outlines; idea generation,Emotional tasks,3,4,1,3,4,Data-heavy tasks,High-risk tasks,Yes,Independent audits and certifications,Ambivalent,Yes,AI handles small tasks only,Protect privacy
India,36‚Äì50,Male,Unemployed,Daily,Data entry; calculation and error checking; Problem solving; basic research,Decisions about children; High-stakes financial decisions,3,2,5,1,3,Data-driven or analytical tasks,High-risk tasks,No,Familiarity and training,Negative,Yes,Human final approval required,Be transparent
Middle Eastern,Under 18,Female,Working Professional,Occasionally,Tutoring and study; practice questions,High-stakes financial decisions,4,3,2,5,4,Data-heavy tasks,Needs creativity or intuition,No,Legal or ethical guidelines,Not sure,Yes,Both integration,Do not decide personal matters
Russia,Above 60,Prefer not to say,Unemployed,Daily,Writing outlines; idea generation,Medical decisions,3,4,3,1,1,Time-consuming administrative work,Needs creativity or intuition,No,Independent audits and certifications,Positive,Yes,Human final approval required,Do not collect unnecessary personal data
USA,Under 18,Female,Teacher,Daily,Study help; summarizing articles,Hiring decisions,2,1,4,4,3,Tasks requiring no emotion or creativity,Requires empathy or emotional understanding,Yes,Familiarity and training,Positive,Not sure,Assist only when asked,Always explain decisions
Russia,Above 60,Male,Freelancer,Weekly,Scheduling; reminders; Data entry; calculation and error checking,Creative judgment; Mental health support,3,1,4,3,3,Tasks requiring no emotion or creativity,"High-risk tasks, Has high risk or safety consequences",No,Clear explanations,Not sure,Not sure,Assist only when asked,Do not decide personal matters
India,Under 18,Male,Office Staff,Daily,Problem solving; basic research; Scheduling; reminders,Creative judgment; Ethical judgments,4,5,3,5,5,Time-consuming administrative work,"Creative judgment, Has high risk or safety consequences",Yes,Independent audits and certifications,Not sure,Not sure,Both integration,Never act without human approval on high-risk tasks
Australia,Under 18,Male,Teacher,Daily,Routine tasks; organizing notes,Safety-critical tasks,5,3,4,2,2,Data-heavy tasks,Creative judgment,Yes,Familiarity and training,Curious but worried,No,AI handles small tasks only,Protect privacy
Middle Eastern,26‚Äì35,Female,Working Professional,Weekly,Routine tasks; organizing notes; Exam preparation; flashcards,Legal decisions,3,3,3,5,3,Low-risk tasks,"Needs creativity or intuition, Involves sensitive/personal information",Yes,Transparency (AI explains how it works),Not sure,Not sure,Assist only when asked,Be transparent